Image,True Label,Top1_Label,Top1_Prob,Top2_Label,Top2_Prob,Top3_Label,Top3_Prob,Top4_Label,Top4_Prob,Top5_Label,Top5_Prob,Rank
animal_crossing_0.png,animal crossing,slippery road,0.42933667947581117,steep descent,0.1969424403829388,steep ascent,0.13835942484632238,animal crossing,0.07868515232243721,height limit,0.037899587781016895,4
animal_crossing_1.png,animal crossing,steep ascent,0.2735050140450196,animal crossing,0.26037337204619054,steep descent,0.22700138066004144,slippery road,0.13559889838872893,height limit,0.03319334900127708,2
animal_crossing_10.png,animal crossing,animal crossing,0.5808335790496812,bumpy road,0.07641291137233806,railway crossing,0.05864825351202603,steep ascent,0.05783087360535328,weight limit,0.054570745638935755,1
animal_crossing_2.png,animal crossing,steep ascent,0.43736249992588727,steep descent,0.2594139042561549,animal crossing,0.1919218080357963,slippery road,0.03976042418778677,bumpy road,0.01224135637738995,3
animal_crossing_3.png,animal crossing,animal crossing,0.5225737746404872,steep descent,0.13804618173325722,steep ascent,0.1085561468657992,slippery road,0.08486225730332603,weight limit,0.04839957569909345,1
animal_crossing_4.png,animal crossing,animal crossing,0.37903207430943114,bumpy road,0.1732564905526176,weight limit,0.11899320748939723,slippery road,0.09983132138302034,railway crossing,0.03585033906815957,1
animal_crossing_5.png,animal crossing,animal crossing,0.4991671696768584,school zone,0.2346316319195474,bumpy road,0.09782028209860992,road work ahead,0.04186401954674068,slippery road,0.029413981641334075,1
animal_crossing_6.png,animal crossing,animal crossing,0.8534603376985141,school zone,0.0839228939867959,road work ahead,0.016895887701392862,slippery road,0.007257556268097136,pedestrian crossing,0.004900191771198495,1
animal_crossing_7.png,animal crossing,animal crossing,0.37903235873027924,school zone,0.228058487350164,bumpy road,0.08939388417484387,weight limit,0.05089644540842607,slippery road,0.05052460210411843,1
animal_crossing_8.png,animal crossing,animal crossing,0.3248245199237689,weight limit,0.12032958969572417,slippery road,0.10475295922847978,no u turn,0.0593248071505947,speed limit,0.05783059242609676,1
animal_crossing_9.png,animal crossing,animal crossing,0.6056181518595002,bumpy road,0.07604157377804077,railway crossing,0.06732562575199055,steep ascent,0.05311548905172116,steep descent,0.05272161922813808,1
bumpy_road_0.png,bumpy road,bumpy road,0.545851132286791,slippery road,0.35377218885181666,steep ascent,0.03136181765909271,steep descent,0.0284270814482355,animal crossing,0.016969282991544748,1
bumpy_road_1.png,bumpy road,bumpy road,0.3908361064899878,steep ascent,0.3289036093589466,steep descent,0.12930090791763924,slippery road,0.1156171179058427,height limit,0.018072878217388812,1
bumpy_road_10.png,bumpy road,steep ascent,0.3284378366305218,steep descent,0.30165611064668085,slippery road,0.11027256839900641,bumpy road,0.09559695152580645,animal crossing,0.04202268320029263,4
bumpy_road_11.png,bumpy road,bumpy road,0.26911242663761775,railway crossing,0.21226561771279037,steep descent,0.15525206727377946,steep ascent,0.151527243369568,slippery road,0.10044306252494833,1
bumpy_road_12.png,bumpy road,steep descent,0.5123229500147813,steep ascent,0.2572108914019407,bumpy road,0.11627933621282338,slippery road,0.0719040597621282,railway crossing,0.0216600750949658,3
bumpy_road_13.png,bumpy road,slippery road,0.2618307539623663,railway crossing,0.2257752205995657,steep ascent,0.1482135657236373,steep descent,0.11743193936876181,bumpy road,0.10715942378743226,5
bumpy_road_14.png,bumpy road,steep descent,0.47785841268366863,steep ascent,0.151346462052742,slippery road,0.12320673151696844,bumpy road,0.1057370555248831,railway crossing,0.097058472699971,4
bumpy_road_15.png,bumpy road,bumpy road,0.6177962944677078,steep ascent,0.15741185211988057,steep descent,0.12848416083377182,slippery road,0.07634501894627674,railway crossing,0.008621247687422175,1
bumpy_road_16.png,bumpy road,slippery road,0.6031981604115784,steep descent,0.1246516068761674,bumpy road,0.09107780328335313,steep ascent,0.08381235566705758,railway crossing,0.0352886322843353,3
bumpy_road_17.png,bumpy road,bumpy road,0.697458465532928,steep ascent,0.11035417566032943,slippery road,0.0925588526771534,steep descent,0.07719221764392206,railway crossing,0.008430143486042574,1
bumpy_road_2.png,bumpy road,steep ascent,0.3893654696276913,bumpy road,0.3738333321511316,steep descent,0.15279041675328117,slippery road,0.05600876955276094,height limit,0.015242371506691024,2
bumpy_road_3.png,bumpy road,bumpy road,0.5699907329047442,steep ascent,0.2194182889151665,steep descent,0.11153512054693113,slippery road,0.033421470823832934,height limit,0.01920979774587589,1
bumpy_road_4.png,bumpy road,bumpy road,0.4682784895613599,steep ascent,0.20427876871704936,slippery road,0.13663050074946906,steep descent,0.12872421168520076,railway crossing,0.01603463726268762,1
bumpy_road_5.png,bumpy road,bumpy road,0.4587402918500366,steep ascent,0.1842217225749882,slippery road,0.1460065050416098,steep descent,0.13322361114923448,height limit,0.03904960570486444,1
bumpy_road_6.png,bumpy road,bumpy road,0.30356928038654474,steep ascent,0.2853877073367143,slippery road,0.19271632628420093,steep descent,0.1569976020820008,height limit,0.03158528715135298,1
bumpy_road_7.png,bumpy road,bumpy road,0.5882730517002819,steep descent,0.16346936591274572,slippery road,0.10790386411719578,steep ascent,0.07403640218323264,animal crossing,0.01694215903176575,1
bumpy_road_8.png,bumpy road,bumpy road,0.5893473737929994,steep ascent,0.12346876917707908,slippery road,0.11404975983393183,steep descent,0.0827297156705009,height limit,0.026706626513247615,1
bumpy_road_9.png,bumpy road,bumpy road,0.4133221743416051,steep ascent,0.3153527467136942,slippery road,0.12122709468481628,steep descent,0.12084974529435731,height limit,0.01784806300336947,1
cross_road_0.png,cross road,railway crossing,0.7089038961868406,no u turn,0.0930522691022486,steep ascent,0.03691132974482194,slippery road,0.03433275900319755,height limit,0.030574597715485225,-1
cross_road_1.png,cross road,railway crossing,0.33962717174547774,steep descent,0.19584373602990696,slippery road,0.14081724754791045,steep ascent,0.09588292610773637,bumpy road,0.07453287378950153,-1
cross_road_10.png,cross road,railway crossing,0.5014324237990863,bumpy road,0.13928400659935447,give way,0.06337353246299758,slippery road,0.06248213154414776,no stopping,0.0469341797074529,-1
cross_road_11.png,cross road,no u turn,0.16064257226546655,railway crossing,0.1508538141786564,steep ascent,0.10301023750155923,slippery road,0.09626219248284783,steep descent,0.08894156501882382,-1
cross_road_12.png,cross road,railway crossing,0.46989953399534035,steep descent,0.12885753482572918,steep ascent,0.12113558916061802,slippery road,0.062093056965281196,no u turn,0.05144323333864306,-1
cross_road_13.png,cross road,railway crossing,0.3317776070193706,slippery road,0.26378562071580003,steep ascent,0.06948485447895612,height limit,0.06931683304715779,steep descent,0.05122248119274576,-1
cross_road_14.png,cross road,railway crossing,0.6301141262890051,slippery road,0.061038777370010025,steep ascent,0.04932287082708948,cross road,0.04636908790153112,no stopping,0.040654819682112216,4
cross_road_15.png,cross road,slippery road,0.23519194331582358,steep ascent,0.15015488901087942,steep descent,0.08085231213802259,bumpy road,0.07808769615274463,give way,0.07756463575625172,-1
cross_road_16.png,cross road,railway crossing,0.5191517520590088,slippery road,0.1260520351326625,steep descent,0.08358313806253605,bumpy road,0.04857797036460831,no stopping,0.03625465647255456,-1
cross_road_17.png,cross road,railway crossing,0.5497696217622001,slippery road,0.1771676306486097,steep descent,0.0603196441977935,bumpy road,0.049089489365466484,steep ascent,0.04618017030746754,-1
cross_road_18.png,cross road,railway crossing,0.3520499887058995,slippery road,0.2568779097685023,bumpy road,0.16109562938274075,steep descent,0.06238176532784513,steep ascent,0.05621546331050907,-1
cross_road_19.png,cross road,railway crossing,0.37144480130242435,slippery road,0.2413361284712685,bumpy road,0.15888435394442554,steep descent,0.07410242331141871,steep ascent,0.056432745106590285,-1
cross_road_2.png,cross road,railway crossing,0.39029759179469853,slippery road,0.11474619556072047,steep ascent,0.10142321584100474,bumpy road,0.07522528785920803,steep descent,0.07415184339886662,-1
cross_road_3.png,cross road,railway crossing,0.4979758661710843,no u turn,0.25141650878318983,slippery road,0.07323376331130826,steep descent,0.048490872323319105,steep ascent,0.03776745253323959,-1
cross_road_4.png,cross road,railway crossing,0.21557244887537363,steep ascent,0.18033690925113563,steep descent,0.15047914868210513,slippery road,0.14408580449142355,height limit,0.0559274677030951,-1
cross_road_5.png,cross road,railway crossing,0.3895613593885952,slippery road,0.12915517801559814,steep ascent,0.12815751008017925,no u turn,0.06181268875557782,bumpy road,0.04648375289296909,-1
cross_road_6.png,cross road,railway crossing,0.384074842006254,slippery road,0.1253323945747852,steep ascent,0.11400218647249481,steep descent,0.0722055177333167,bumpy road,0.05313773379658731,-1
cross_road_7.png,cross road,slippery road,0.25935177436003537,railway crossing,0.18840396376016671,steep ascent,0.12031088435913032,steep descent,0.11510280544364881,bumpy road,0.09273596861196554,-1
cross_road_8.png,cross road,no u turn,0.5043074244820276,railway crossing,0.07659364257761847,slippery road,0.06511973528880766,cross road,0.04616878985766574,steep descent,0.04190984247953819,4
cross_road_9.png,cross road,railway crossing,0.39802812130415577,slippery road,0.15177635659717367,bumpy road,0.09864041573135252,steep descent,0.07791312005460235,no stopping,0.058196719692575824,-1
cycle_crossing_0.png,cycle crossing,cycle crossing,0.3378791823215275,slippery road,0.13743446533972328,steep descent,0.12493869726865776,weight limit,0.11944995508562242,height limit,0.09518076178551217,1
cycle_crossing_1.png,cycle crossing,cycle crossing,0.6319198107910801,weight limit,0.11948341376129039,height limit,0.08612663309434783,steep ascent,0.04399161064775233,steep descent,0.036368939926252425,1
cycle_crossing_10.png,cycle crossing,cycle crossing,0.772985050621635,bumpy road,0.0731663519753935,steep ascent,0.03887330047650911,steep descent,0.030880288506822066,slippery road,0.028141082610979758,1
cycle_crossing_2.png,cycle crossing,cycle crossing,0.437339949250385,height limit,0.16755177574419164,weight limit,0.1444127372792421,steep ascent,0.07936708615036765,steep descent,0.05651640943341036,1
cycle_crossing_3.png,cycle crossing,cycle crossing,0.6861894015071164,steep ascent,0.06222643587447851,height limit,0.053693790617981886,weight limit,0.05360474400508865,steep descent,0.05247145754975982,1
cycle_crossing_4.png,cycle crossing,height limit,0.33642216739609127,cycle crossing,0.28627675619728105,weight limit,0.1438463218576583,steep ascent,0.05751689789598465,speed limit,0.04893988571014024,2
cycle_crossing_5.png,cycle crossing,cycle crossing,0.465169029664928,weight limit,0.13760564510993603,steep descent,0.10315805199432126,steep ascent,0.0992624571907804,height limit,0.07476089558683728,1
cycle_crossing_6.png,cycle crossing,cycle crossing,0.5671240719060912,slippery road,0.2509653359230983,bumpy road,0.12574218262134956,weight limit,0.009736873812320228,steep descent,0.009502499395715186,1
cycle_crossing_7.png,cycle crossing,cycle crossing,0.7031431403444977,bumpy road,0.10278170697312744,slippery road,0.04940206101103986,weight limit,0.03767995255935185,no entry for vehicles,0.02642751861524655,1
cycle_crossing_8.png,cycle crossing,cycle crossing,0.6929551256555747,bumpy road,0.1347806582902404,slippery road,0.06611865069926157,steep ascent,0.01767264993326022,no entry for vehicles,0.01644254035821769,1
cycle_crossing_9.png,cycle crossing,cycle crossing,0.7585358337581327,no entry for vehicles,0.05965572176162886,bumpy road,0.05874861338592326,weight limit,0.03002100314779037,slippery road,0.019920249446757507,1
gas_station_0.png,gas station,gas station,0.5543516832508272,weight limit,0.15096511786989764,height limit,0.1154598040114457,steep ascent,0.03406644285466827,no u turn,0.026715338131132093,1
gas_station_1.png,gas station,gas station,0.9992975050714036,hospital,0.00011540247743364233,weight limit,0.00011464515699608162,no u turn,8.732954333555967e-05,steep ascent,8.660526660274172e-05,1
gas_station_2.png,gas station,gas station,0.9508256285567519,weight limit,0.017692768518047443,height limit,0.011212925759969457,no u turn,0.009113258026996066,steep ascent,0.002582332682903872,1
gas_station_3.png,gas station,gas station,0.8826176765288856,height limit,0.03809736482449182,weight limit,0.03425255648503165,slippery road,0.017630571582816838,steep ascent,0.010543165580490997,1
gas_station_4.png,gas station,gas station,0.9825086055162414,weight limit,0.005949210696401852,height limit,0.0035332516524109923,steep ascent,0.002437785875708647,no u turn,0.0014028101193058892,1
gas_station_5.png,gas station,gas station,0.9674627975399972,weight limit,0.012818318058302814,height limit,0.005504778118437522,steep ascent,0.004301610827314794,no u turn,0.0030133869344468275,1
gas_station_6.png,gas station,gas station,0.9552106756761769,weight limit,0.019907600790192253,height limit,0.00838346457808086,slippery road,0.004828434314028689,steep ascent,0.0034351205494121476,1
gas_station_7.png,gas station,gas station,0.9339189571141725,weight limit,0.02664030550774394,height limit,0.012948604317205476,steep ascent,0.006203020165508777,slippery road,0.00509275998811375,1
gas_station_8.png,gas station,gas station,0.9707538838730297,weight limit,0.01169531697726519,height limit,0.007221267023883035,steep ascent,0.0029674329136666865,slippery road,0.001960289533492652,1
gas_station_9.png,gas station,gas station,0.9898969748592963,weight limit,0.003274924662480099,height limit,0.0029288814807696063,steep ascent,0.0012037063696782716,no u turn,0.00046781990531539965,1
give_way_0.png,give way,give way,0.24417044180519482,slippery road,0.18968882463860737,pedestrian crossing,0.08566587410568008,steep ascent,0.08006449103244924,height limit,0.07244679922162527,1
give_way_1.png,give way,no stopping,0.3576258521096271,height limit,0.21164903103347218,road work ahead,0.08157960141874807,bumpy road,0.06772908220776604,give way,0.05765228294201829,5
give_way_10.png,give way,give way,0.44816532978853585,slippery road,0.2031547371477986,bumpy road,0.14923929127746796,pedestrian crossing,0.03592010449356183,road work ahead,0.03275348344282637,1
give_way_11.png,give way,slippery road,0.40905485776118405,bumpy road,0.17155450170437422,give way,0.15723118399450062,steep ascent,0.05844256263140672,road work ahead,0.03401867229935515,3
give_way_2.png,give way,bumpy road,0.4848489971980385,slippery road,0.18458463517135945,give way,0.08252288655716085,railway crossing,0.07495570842061632,road work ahead,0.06837808266899566,3
give_way_3.png,give way,slippery road,0.38415083531682365,give way,0.1740067144500347,bumpy road,0.16356675856096675,steep ascent,0.0928637275859803,railway crossing,0.042084360206951915,2
give_way_4.png,give way,slippery road,0.4983001064456652,steep descent,0.12165994571963312,bumpy road,0.10146604289315148,give way,0.08330265566811654,steep ascent,0.07588450566239366,4
give_way_5.png,give way,slippery road,0.2506560378795027,height limit,0.20746951993895152,railway crossing,0.1434660230055299,steep ascent,0.14327501037562587,steep descent,0.1258580944160167,-1
give_way_6.png,give way,slippery road,0.2577428934339662,give way,0.1617304078240724,steep descent,0.148132596150313,steep ascent,0.14217123079828833,height limit,0.12714331552129815,2
give_way_7.png,give way,slippery road,0.4866945653793596,steep ascent,0.09528511386453546,give way,0.09157784423132521,railway crossing,0.09004353612678777,steep descent,0.08551665893972274,3
give_way_8.png,give way,railway crossing,0.3724122422712776,slippery road,0.2982722222630002,steep ascent,0.07847296491506721,give way,0.06607523541413943,height limit,0.05653267470778245,4
give_way_9.png,give way,slippery road,0.37002001377067206,give way,0.18455554895837858,bumpy road,0.11132576171409074,height limit,0.107640362296773,railway crossing,0.08212686851613903,2
height_limit_0.png,height limit,weight limit,0.4138859207407372,speed limit,0.2230166199796537,bumpy road,0.1437255716696305,height limit,0.06104404372513774,steep ascent,0.05542282925158732,4
height_limit_1.png,height limit,weight limit,0.35558961730570027,railway crossing,0.2744783485293332,bumpy road,0.21722949605056938,speed limit,0.04695365884731207,height limit,0.026283310348825344,5
height_limit_10.png,height limit,speed limit,0.545839756816148,height limit,0.3049265097929505,weight limit,0.10111286759401483,steep ascent,0.019275902374630047,steep descent,0.011513772080069425,2
height_limit_11.png,height limit,speed limit,0.6658534831505227,height limit,0.13631498685984333,weight limit,0.0717796515413626,steep ascent,0.07152232085619147,steep descent,0.025482072583751174,2
height_limit_2.png,height limit,speed limit,0.25665191204520027,weight limit,0.2396452500388241,bumpy road,0.1504667384670384,height limit,0.10402804766024175,railway crossing,0.09158971395197427,4
height_limit_3.png,height limit,height limit,0.6804135659295324,steep ascent,0.12881182619311735,weight limit,0.11479642723397589,speed limit,0.034972197160449886,steep descent,0.018681988582556323,1
height_limit_4.png,height limit,height limit,0.516900670333582,weight limit,0.2472808164572187,steep ascent,0.095869796805561,speed limit,0.07968081539762638,bumpy road,0.01717087806918594,1
height_limit_5.png,height limit,speed limit,0.5876150699143095,height limit,0.20548477872417606,weight limit,0.12585276199383633,bumpy road,0.024842420942358875,steep ascent,0.02355264512915836,2
height_limit_6.png,height limit,speed limit,0.7852169795140619,height limit,0.15216834198583692,weight limit,0.0356883087605748,steep ascent,0.013638092490804879,steep descent,0.0031508994610248728,2
height_limit_7.png,height limit,speed limit,0.540099193064233,steep ascent,0.20857151030650536,height limit,0.09089578519915374,steep descent,0.07370706197884831,weight limit,0.0506020391742366,3
height_limit_8.png,height limit,speed limit,0.41916413689868226,steep ascent,0.23440852558380196,steep descent,0.12404209454045206,height limit,0.1217146481652066,weight limit,0.051264935142945736,4
height_limit_9.png,height limit,speed limit,0.6440339638920619,height limit,0.09590131299664705,steep ascent,0.06168424571169152,weight limit,0.058719551489986276,bumpy road,0.04195991273098151,2
hospital_0.png,hospital,road work ahead,0.20930384111216943,no pedestrians,0.13585488292540845,hospital,0.07883229533772729,cycle crossing,0.07369115995173343,slippery road,0.06442410297620307,3
hospital_1.png,hospital,hospital,0.43201493157670334,weight limit,0.16724519077759117,height limit,0.06561209726712786,no pedestrians,0.05613783022503388,no stopping,0.05296503038631958,1
hospital_2.png,hospital,hospital,0.794909431981846,gas station,0.05624471734493536,slippery road,0.04889515128461406,bumpy road,0.013605565372132807,no pedestrians,0.010907046818012868,1
hospital_3.png,hospital,hospital,0.7375449147280431,bumpy road,0.04095581674443632,steep ascent,0.036077017370552814,no u turn,0.03325778655448354,slippery road,0.03271490326143045,1
hospital_4.png,hospital,hospital,0.9125482508588907,no u turn,0.016616689610659967,slippery road,0.01346754707569916,steep ascent,0.011997866530015326,weight limit,0.00958231745007924,1
hospital_5.png,hospital,hospital,0.8933220305651968,no u turn,0.019961918664464142,steep ascent,0.01709034808814132,bumpy road,0.011115274569539408,slippery road,0.010144010115608703,1
hospital_6.png,hospital,hospital,0.892791827132358,no u turn,0.03482917964894156,no pedestrians,0.009202866868608202,slippery road,0.009071251932948192,steep ascent,0.00793213317965891,1
hospital_7.png,hospital,hospital,0.7388719236009137,weight limit,0.045572452719740135,bumpy road,0.043101344224534016,no u turn,0.03861130661708438,slippery road,0.02115535894298644,1
hospital_8.png,hospital,hospital,0.8016263770839417,gas station,0.0430311481385419,slippery road,0.039644373481108997,bumpy road,0.025002961771238216,no u turn,0.023400917531398783,1
hospital_9.png,hospital,hospital,0.30565094533304105,slippery road,0.2005557422943087,steep ascent,0.18470493543814612,steep descent,0.10015827063628016,no u turn,0.04383041428504341,1
no_entry_for_vehicles_0.png,no entry for vehicles,no entry for vehicles,0.9543738765999521,no parking,0.014041653770609515,no overtaking,0.012564508214144713,cycle crossing,0.006074624581767122,no pedestrians,0.0025684515237476505,1
no_entry_for_vehicles_1.png,no entry for vehicles,no entry for vehicles,0.30437307682338893,no parking,0.15896666426821274,steep ascent,0.13741545236167196,pedestrian crossing,0.07149603455672444,no u turn,0.05672839342890015,1
no_entry_for_vehicles_2.png,no entry for vehicles,no entry for vehicles,0.9940475298535267,no overtaking,0.0018129770698744766,no parking,0.0012426987565821571,steep ascent,0.0006697964764794612,cycle crossing,0.0004573598252051175,1
no_entry_for_vehicles_3.png,no entry for vehicles,no entry for vehicles,0.5374526489585437,road work ahead,0.2748580142559484,stop,0.06855825145339453,no overtaking,0.025813117029507605,no parking,0.017542600325912514,1
no_entry_for_vehicles_4.png,no entry for vehicles,no entry for vehicles,0.9959810638555272,no parking,0.0016157431809763498,no overtaking,0.0010466305226827927,no pedestrians,0.00029267139419877013,no u turn,0.000261213033495211,1
no_entry_for_vehicles_5.png,no entry for vehicles,no entry for vehicles,0.9448497529884092,no overtaking,0.01910193526201738,slippery road,0.008806606440202872,steep ascent,0.0050009859216395515,steep descent,0.004070886987757485,1
no_entry_for_vehicles_6.png,no entry for vehicles,no entry for vehicles,0.9747265073375351,no overtaking,0.007830060596830129,no parking,0.0051295584765440275,cycle crossing,0.0017737387017947375,stop,0.0017387201622815786,1
no_entry_for_vehicles_7.png,no entry for vehicles,no entry for vehicles,0.9053284857727842,slippery road,0.025636523213904566,no overtaking,0.023090328893098127,stop,0.007754323580519818,steep ascent,0.007745681012585577,1
no_entry_for_vehicles_8.png,no entry for vehicles,no entry for vehicles,0.9803906815872864,no overtaking,0.0033277395361116374,no u turn,0.002304069106505636,speed limit,0.00195815397544902,steep ascent,0.0016057780359647355,1
no_entry_for_vehicles_9.png,no entry for vehicles,no entry for vehicles,0.7427651089785772,road work ahead,0.06760807305877338,slippery road,0.05203860650298869,steep ascent,0.03261913331606585,steep descent,0.030009209615586594,1
no_overtaking_0.png,no overtaking,no entry for vehicles,0.2602122325342784,no parking,0.2364144395322315,no overtaking,0.1757694972622799,steep ascent,0.07697767069549666,stop,0.05418409703459228,3
no_overtaking_1.png,no overtaking,no parking,0.2697768239267158,no overtaking,0.22486116062837289,no entry for vehicles,0.09516073348121977,slippery road,0.07705008576493746,steep ascent,0.0717992410405755,2
no_overtaking_2.png,no overtaking,no overtaking,0.23461653777127484,no parking,0.19734059961916167,no entry for vehicles,0.1735127241629769,stop,0.08831435703942764,steep ascent,0.07412649349731426,1
no_overtaking_3.png,no overtaking,no overtaking,0.22757386582344666,steep ascent,0.21696849372144755,no entry for vehicles,0.15504077729025917,no parking,0.14087878583262953,slippery road,0.06222829410133387,1
no_overtaking_4.png,no overtaking,no overtaking,0.3600851125363971,no parking,0.3503269765668847,steep ascent,0.07440022772163403,no pedestrians,0.03432284582037407,no entry for vehicles,0.03052712331007018,1
no_overtaking_5.png,no overtaking,stop,0.2700665682934483,no overtaking,0.1907998331013497,no entry for vehicles,0.15651353516211677,no parking,0.12805967814810187,no pedestrians,0.05445062344605366,2
no_overtaking_6.png,no overtaking,steep ascent,0.2714887898689634,no entry for vehicles,0.12260505773258788,slippery road,0.1014503698524736,no u turn,0.08547100906176153,speed limit,0.08074584881482305,-1
no_overtaking_7.png,no overtaking,no overtaking,0.22785533419879753,steep ascent,0.17785150411869166,speed limit,0.10119785773791011,slippery road,0.07285253977940007,stop,0.06839151034947555,1
no_overtaking_8.png,no overtaking,no overtaking,0.20861504072475517,steep ascent,0.17761852547659335,stop,0.09370896993825471,speed limit,0.09348268841950054,slippery road,0.08147544720959772,1
no_overtaking_9.png,no overtaking,no overtaking,0.3543145418510836,slippery road,0.14010614601041577,stop,0.1339550504541391,no parking,0.07643585876319359,steep ascent,0.06351681244633961,1
no_parking_0.png,no parking,no entry for vehicles,0.20522632961226195,no parking,0.20267783565586897,weight limit,0.18430667438073947,no u turn,0.11283294790026206,no pedestrians,0.07473240759312763,2
no_parking_1.png,no parking,no parking,0.3650711701652629,no entry for vehicles,0.23871166705476124,weight limit,0.10576879489878527,no pedestrians,0.10207014515144891,slippery road,0.06260685940423028,1
no_parking_10.png,no parking,no parking,0.4321940820804732,no pedestrians,0.13086859900872758,no entry for vehicles,0.12604231318020692,no u turn,0.0697588397487686,no overtaking,0.06656584447598966,1
no_parking_11.png,no parking,no parking,0.6029412179572048,slippery road,0.124664283424377,weight limit,0.06252299864434434,no stopping,0.04134903799153128,give way,0.0320762266539692,1
no_parking_12.png,no parking,no parking,0.5261485427126704,no pedestrians,0.1479831345657587,no entry for vehicles,0.11327800145537685,no stopping,0.08841589098182982,weight limit,0.03789092894669225,1
no_parking_13.png,no parking,no parking,0.4627165842160838,no entry for vehicles,0.28892772924116156,no pedestrians,0.08606934136871529,no overtaking,0.056836886241779606,no u turn,0.031671402013076305,1
no_parking_14.png,no parking,no parking,0.34838129559306663,no entry for vehicles,0.2692016879090696,no pedestrians,0.19245849231695059,weight limit,0.05970915782793278,slippery road,0.025213063739931596,1
no_parking_2.png,no parking,no parking,0.7056606071203726,no pedestrians,0.06354926208507966,no entry for vehicles,0.06209916679877172,no u turn,0.05250692857024371,weight limit,0.043520084985513456,1
no_parking_3.png,no parking,no entry for vehicles,0.3609779774565783,weight limit,0.16082578078910517,no parking,0.12488589385987378,no u turn,0.10420943069072905,no stopping,0.08423634538463728,3
no_parking_4.png,no parking,no parking,0.3938276494009709,no pedestrians,0.202130885510158,no entry for vehicles,0.1269557626057792,no overtaking,0.07540619010844324,no stopping,0.06929794958696289,1
no_parking_5.png,no parking,no stopping,0.3015004321523989,no parking,0.23433833306486376,no entry for vehicles,0.13281961085267607,no pedestrians,0.10632254649784793,weight limit,0.07766724262027376,2
no_parking_6.png,no parking,no parking,0.792538511668231,weight limit,0.06615136743716046,slippery road,0.053549768442660975,no pedestrians,0.02558267787857667,give way,0.009916668055301333,1
no_parking_7.png,no parking,no parking,0.36589427018933035,no entry for vehicles,0.16702584898846637,no pedestrians,0.11846432157643212,weight limit,0.08909130421528366,no u turn,0.06233962486112547,1
no_parking_8.png,no parking,no parking,0.9615081764167688,no pedestrians,0.008737340978914179,weight limit,0.008343270691745992,speed limit,0.0037685724450798675,no stopping,0.0037206152405901056,1
no_parking_9.png,no parking,no parking,0.17160102116423528,no entry for vehicles,0.14900520255164923,no pedestrians,0.11650683036553797,steep ascent,0.10919405124831062,slippery road,0.10292158968014836,1
no_pedestrians_0.png,no pedestrians,no pedestrians,0.8442904979214675,pedestrian crossing,0.052443178780862604,no parking,0.0230582449945923,no entry for vehicles,0.017808087693554343,no overtaking,0.012785543134250326,1
no_pedestrians_1.png,no pedestrians,no pedestrians,0.5065927012396966,pedestrian crossing,0.2454217334234165,road work ahead,0.05697386719642355,slippery road,0.033714483490781766,no overtaking,0.03239809798957986,1
no_pedestrians_2.png,no pedestrians,no pedestrians,0.6483526617686781,pedestrian crossing,0.14850922000986982,no overtaking,0.050467061597833374,school zone,0.034997343326348886,no entry for vehicles,0.025526964628814836,1
no_pedestrians_3.png,no pedestrians,no pedestrians,0.47953315071626984,pedestrian crossing,0.3273115851013434,no overtaking,0.03376343146094253,no parking,0.030534692803706253,road work ahead,0.02238362636258785,1
no_pedestrians_4.png,no pedestrians,no pedestrians,0.7671648883165706,pedestrian crossing,0.12424673375409213,no overtaking,0.01965952731885074,school zone,0.016211251139691574,no parking,0.013098296015330637,1
no_pedestrians_5.png,no pedestrians,no pedestrians,0.7084695453778358,pedestrian crossing,0.17003069489318076,no parking,0.018928287784618542,no u turn,0.017010896369146676,no entry for vehicles,0.014561828972270813,1
no_pedestrians_6.png,no pedestrians,no pedestrians,0.5600359390907178,pedestrian crossing,0.35520609745797593,school zone,0.03991300447045002,no overtaking,0.008921297570114705,slippery road,0.006887498174286558,1
no_pedestrians_7.png,no pedestrians,no pedestrians,0.6059769778657271,pedestrian crossing,0.24131075742737523,steep ascent,0.04697934578112732,no overtaking,0.027165099165066292,cycle crossing,0.017652898516462873,1
no_pedestrians_8.png,no pedestrians,no pedestrians,0.4401765905041498,pedestrian crossing,0.3742545222464227,school zone,0.058095772089260964,no entry for vehicles,0.03084603672881752,slippery road,0.01875558543754464,1
no_pedestrians_9.png,no pedestrians,school zone,0.3272970943204594,no pedestrians,0.20873133205283115,pedestrian crossing,0.20811739537584711,slippery road,0.05525564505984203,steep ascent,0.05523272722670551,2
no_stopping_0.png,no stopping,no stopping,0.33022395064020527,no u turn,0.1910120767618337,railway crossing,0.1403327613604231,weight limit,0.1202593793717018,bumpy road,0.04841676779267478,1
no_stopping_1.png,no stopping,no stopping,0.4149183010562517,no u turn,0.1624110070730045,railway crossing,0.11461587407114815,bumpy road,0.0678120346605883,weight limit,0.055447855966027554,1
no_stopping_10.png,no stopping,no stopping,0.28555228282484457,railway crossing,0.10120363655666069,no entry for vehicles,0.09816906940133875,no u turn,0.09454769594169268,steep ascent,0.08908324907980789,1
no_stopping_11.png,no stopping,no stopping,0.929435372793802,no entry for vehicles,0.02172429907444911,stop,0.009841348148127831,round about,0.0057686344511039146,no pedestrians,0.005618599938166549,1
no_stopping_12.png,no stopping,railway crossing,0.13348109531178884,weight limit,0.1258423886658501,no u turn,0.0979630111389865,steep ascent,0.09483487890766404,no stopping,0.09459653694642535,5
no_stopping_13.png,no stopping,no stopping,0.8610343138043278,railway crossing,0.032171077065973455,bumpy road,0.017628727726361672,no overtaking,0.016562593845072762,no pedestrians,0.010579220304587498,1
no_stopping_2.png,no stopping,no stopping,0.3553628181752427,no u turn,0.1656721399554777,railway crossing,0.1054499930882187,bumpy road,0.06073300484295674,no entry for vehicles,0.0606045667004825,1
no_stopping_3.png,no stopping,no stopping,0.2974543671303663,no u turn,0.16657127470045635,no entry for vehicles,0.1224071145711259,bumpy road,0.0848018461659719,railway crossing,0.05399550881098438,1
no_stopping_4.png,no stopping,no stopping,0.24968229120696722,bumpy road,0.1733619834643136,no u turn,0.15525136536849302,weight limit,0.05609338931734526,school zone,0.05145895984872189,1
no_stopping_5.png,no stopping,bumpy road,0.27026910618334277,no stopping,0.20574822425643327,slippery road,0.1389749652540317,no entry for vehicles,0.07190449997987794,railway crossing,0.06780805452993241,2
no_stopping_6.png,no stopping,no stopping,0.44617605107169195,weight limit,0.15365928867648967,no u turn,0.06600456308073792,bumpy road,0.063336016412244,slippery road,0.04837734070919772,1
no_stopping_7.png,no stopping,no stopping,0.6419112637460735,bumpy road,0.10131332914558189,weight limit,0.05191039246096228,no u turn,0.04266694469559342,no entry for vehicles,0.03055692356625791,1
no_stopping_8.png,no stopping,no stopping,0.2311145858568644,railway crossing,0.14199205691973332,bumpy road,0.13790606666234687,no u turn,0.1286019875177357,weight limit,0.08170594600751525,1
no_stopping_9.png,no stopping,no stopping,0.3566066717446206,railway crossing,0.2984484046171178,bumpy road,0.11705942809502043,no u turn,0.03766345324315021,weight limit,0.03363602692380472,1
no_u_turn_0.png,no u turn,no u turn,0.2467283006704953,slippery road,0.2135596089901208,no entry for vehicles,0.1076307995455297,weight limit,0.08231341595664361,school zone,0.05421752475378845,1
no_u_turn_1.png,no u turn,no u turn,0.347765944019435,weight limit,0.20624482021902238,no entry for vehicles,0.12309379414382308,slippery road,0.0878202378244249,bumpy road,0.062203070376876404,1
no_u_turn_2.png,no u turn,slippery road,0.2660771586309267,weight limit,0.1479173580852337,no u turn,0.1281332943916221,bumpy road,0.12171573370441491,no entry for vehicles,0.07529786550922994,3
no_u_turn_3.png,no u turn,weight limit,0.27684581874784725,no u turn,0.26266961090126084,slippery road,0.18567779445351235,no entry for vehicles,0.0498131840724008,bumpy road,0.034330534734683185,2
no_u_turn_4.png,no u turn,slippery road,0.2510293586734001,no entry for vehicles,0.17588932847995614,no u turn,0.16932682203491728,weight limit,0.09116463597564178,give way,0.0496570260915364,3
no_u_turn_5.png,no u turn,no overtaking,0.28582478908308,no pedestrians,0.11170604424732859,no u turn,0.10677025730960467,no parking,0.10644934985302587,bumpy road,0.09529518152005463,3
no_u_turn_6.png,no u turn,no stopping,0.2863569885549451,no entry for vehicles,0.14927932442989877,no u turn,0.14536769535015906,speed limit,0.12368144490484446,slippery road,0.09237757864869604,3
no_u_turn_7.png,no u turn,no u turn,0.32762080490860335,steep descent,0.08378375764770783,stop,0.08341158817217373,no stopping,0.08203347529223733,steep ascent,0.0776271442550076,1
no_u_turn_8.png,no u turn,weight limit,0.27460969646883726,no entry for vehicles,0.21955225451034666,no stopping,0.12498630134124693,no u turn,0.10916744181463257,slippery road,0.048944210838239535,4
no_u_turn_9.png,no u turn,no pedestrians,0.19828949898498394,no u turn,0.17347025356304283,no parking,0.1604823303660832,no overtaking,0.12649842457824972,slippery road,0.05250230007916386,2
pedestrian_crossing_0.png,pedestrian crossing,school zone,0.6965806395756576,slippery road,0.0829235328951043,pedestrian crossing,0.05918809085327266,steep ascent,0.0502163183692133,steep descent,0.03194576309878,3
pedestrian_crossing_1.png,pedestrian crossing,pedestrian crossing,0.35848600216237547,railway crossing,0.17812501205546838,slippery road,0.12989964244820518,school zone,0.12006379063632833,cycle crossing,0.06529957222477295,1
pedestrian_crossing_2.png,pedestrian crossing,steep ascent,0.3662241338811809,railway crossing,0.18188326182583575,steep descent,0.17328336561858146,slippery road,0.09696732235940918,pedestrian crossing,0.0423102172346588,5
pedestrian_crossing_3.png,pedestrian crossing,railway crossing,0.32292878042329054,slippery road,0.2758693778616404,steep descent,0.18445595928680028,steep ascent,0.111538832137904,bumpy road,0.030051478923175386,-1
pedestrian_crossing_4.png,pedestrian crossing,steep ascent,0.2542343024611209,school zone,0.16297327522733823,railway crossing,0.11313021858510897,steep descent,0.09950479600115433,pedestrian crossing,0.09084848187942161,5
pedestrian_crossing_5.png,pedestrian crossing,steep ascent,0.32497717908437873,school zone,0.25082500176918654,steep descent,0.1457629915858442,slippery road,0.055403157567585466,pedestrian crossing,0.0523792021109247,5
pedestrian_crossing_6.png,pedestrian crossing,steep ascent,0.38501871952425043,slippery road,0.19239167251663802,steep descent,0.1295626552238195,bumpy road,0.05717456685176767,school zone,0.04823059114791775,-1
pedestrian_crossing_7.png,pedestrian crossing,pedestrian crossing,0.6294386478371005,school zone,0.13743834630795698,no pedestrians,0.12749738699183089,road work ahead,0.034048909890598326,steep ascent,0.013540028309615268,1
pedestrian_crossing_8.png,pedestrian crossing,pedestrian crossing,0.5599809555880626,school zone,0.22334204065102375,no pedestrians,0.11539434238385551,steep ascent,0.027267850958980256,road work ahead,0.021108066660199445,1
pedestrian_crossing_9.png,pedestrian crossing,school zone,0.32763622597205855,steep ascent,0.25911284488749964,pedestrian crossing,0.0922249086942059,slippery road,0.08277093256496655,bumpy road,0.07032453366636515,3
railway_crossing_0.png,railway crossing,height limit,0.39166484884190567,railway crossing,0.17362370535055704,steep ascent,0.1619082275337571,slippery road,0.06271488848624246,steep descent,0.05420118454625242,2
railway_crossing_1.png,railway crossing,railway crossing,0.9285266368607029,slippery road,0.02490891164635345,steep ascent,0.020609611341560585,steep descent,0.013965204811090636,bumpy road,0.004329294788131035,1
railway_crossing_2.png,railway crossing,railway crossing,0.48365712608309047,steep ascent,0.16185025533511346,slippery road,0.15053880162107908,bumpy road,0.08617386093224098,steep descent,0.07740895738593875,1
railway_crossing_3.png,railway crossing,railway crossing,0.34534667440335043,steep ascent,0.31156412147712437,steep descent,0.1843498266976929,slippery road,0.07674671227054242,bumpy road,0.030065400427785195,1
railway_crossing_4.png,railway crossing,steep ascent,0.22786186658535423,railway crossing,0.16454086144999897,steep descent,0.15543914945875129,speed limit,0.09276932670495507,slippery road,0.08745554985805815,2
railway_crossing_5.png,railway crossing,steep ascent,0.23647073230348248,height limit,0.1335270548816716,steep descent,0.12917178314675878,slippery road,0.08341374112206154,railway crossing,0.08021377680512165,5
railway_crossing_6.png,railway crossing,speed limit,0.21399843072214067,no entry for vehicles,0.16137438598753645,railway crossing,0.157045464175679,steep ascent,0.13181910085264867,height limit,0.0759376318430718,3
railway_crossing_7.png,railway crossing,steep ascent,0.30456038178171374,steep descent,0.15352604018343755,height limit,0.1420742356291913,slippery road,0.11499041973097357,no entry for vehicles,0.0716114705486919,-1
railway_crossing_8.png,railway crossing,railway crossing,0.23349470599405386,steep ascent,0.17041035899663048,height limit,0.16177212276326056,slippery road,0.14170084563454827,steep descent,0.11880268757342564,1
railway_crossing_9.png,railway crossing,steep ascent,0.2935678968515401,height limit,0.1315679466857579,steep descent,0.1045567189393683,slippery road,0.09462510232385056,railway crossing,0.07527700401744916,5
road_work_ahead_0.png,road work ahead,steep descent,0.3348309253201728,steep ascent,0.3152475293503955,slippery road,0.1379395733556588,bumpy road,0.08760794419927118,animal crossing,0.040676413827654155,-1
road_work_ahead_1.png,road work ahead,road work ahead,0.5459997311358865,steep ascent,0.12776015793864262,steep descent,0.10562225582183818,slippery road,0.08970752611473815,bumpy road,0.04564199306187968,1
road_work_ahead_2.png,road work ahead,road work ahead,0.5732307246684102,steep ascent,0.16548622474998065,steep descent,0.07485859277387821,slippery road,0.061055150767511016,school zone,0.031097102453637556,1
road_work_ahead_3.png,road work ahead,road work ahead,0.5225697253118167,slippery road,0.16415381154992742,steep ascent,0.12516172017731603,steep descent,0.050104855576924616,bumpy road,0.041311681138933715,1
road_work_ahead_4.png,road work ahead,road work ahead,0.5473084454114108,steep ascent,0.16945003791075947,steep descent,0.10851165697015602,slippery road,0.04922835462914062,school zone,0.03302502087108721,1
road_work_ahead_5.png,road work ahead,road work ahead,0.4278162804257123,steep ascent,0.18675950723344242,steep descent,0.10767048895620834,school zone,0.10677016397442488,slippery road,0.05828327819460777,1
road_work_ahead_6.png,road work ahead,road work ahead,0.373768029748342,steep ascent,0.2834314938354864,steep descent,0.20315784206502444,slippery road,0.03435036870721503,animal crossing,0.02159330403410651,1
road_work_ahead_7.png,road work ahead,road work ahead,0.4736400279123518,steep ascent,0.27498790845230686,steep descent,0.06588317215754783,slippery road,0.05005589401141374,bumpy road,0.03219285054038922,1
road_work_ahead_8.png,road work ahead,road work ahead,0.5072900962406627,steep ascent,0.16581820458471164,steep descent,0.0797007303444102,bumpy road,0.05527407402688641,slippery road,0.046348777778773984,1
road_work_ahead_9.png,road work ahead,road work ahead,0.1974796700752805,school zone,0.16903756999800387,pedestrian crossing,0.14351883638434543,steep ascent,0.10657017372708087,no pedestrians,0.07901829622818929,1
round_about_0.png,round about,give way,0.2642875623420864,no u turn,0.21047506243739053,slippery road,0.12818302857652097,weight limit,0.10955945995313063,bumpy road,0.10540497322649532,-1
round_about_1.png,round about,no u turn,0.43219334115713415,school zone,0.11681596334346599,weight limit,0.07798542029474048,bumpy road,0.06989405918576581,slippery road,0.05569515906893841,-1
round_about_2.png,round about,bumpy road,0.1770890825626501,give way,0.1710458944628645,slippery road,0.16381528734412468,no u turn,0.15684329452706555,round about,0.07070683146594782,5
round_about_3.png,round about,bumpy road,0.29767034080790283,no u turn,0.1849082614276166,slippery road,0.16863658272004206,give way,0.07655951696561968,weight limit,0.04459460363894108,-1
round_about_4.png,round about,no entry for vehicles,0.1758709035199039,weight limit,0.1417015913206598,steep ascent,0.12857606625424264,round about,0.08526261796466743,steep descent,0.08093366599853935,4
round_about_5.png,round about,steep descent,0.19268410415309167,weight limit,0.1680580025806351,railway crossing,0.1652400697576229,bumpy road,0.14364503324036762,steep ascent,0.11093972926611359,-1
round_about_6.png,round about,steep descent,0.26060874765119985,steep ascent,0.17147983016272658,railway crossing,0.12888840734952564,weight limit,0.10481358639874261,slippery road,0.07010309963062424,-1
round_about_7.png,round about,slippery road,0.6490367510144314,weight limit,0.1300591723594625,steep descent,0.04207532263299566,steep ascent,0.03583623164076482,no u turn,0.031033248240649403,-1
round_about_8.png,round about,railway crossing,0.5062913491922212,weight limit,0.17272325982188427,slippery road,0.08539762494586749,steep descent,0.08301733499736524,steep ascent,0.04997412635997611,-1
round_about_9.png,round about,bumpy road,0.4794792620154763,round about,0.09876005517917393,steep ascent,0.07251900370554597,slippery road,0.06452408018343445,steep descent,0.061815448151605876,2
school_zone_0.png,school zone,steep ascent,0.30214579280031806,slippery road,0.2133006454662466,steep descent,0.13545373516926384,pedestrian crossing,0.0896352875685312,school zone,0.06624010735249045,5
school_zone_1.png,school zone,steep ascent,0.3696414373918915,steep descent,0.2641590256796868,slippery road,0.11610283010776982,pedestrian crossing,0.05143481087653095,height limit,0.04609590631479168,-1
school_zone_10.png,school zone,school zone,0.9415613311619487,steep ascent,0.02456224176658426,pedestrian crossing,0.010343224015830188,steep descent,0.009914428229082931,road work ahead,0.004694275027067018,1
school_zone_11.png,school zone,slippery road,0.47256947207965616,school zone,0.2880457752460733,cycle crossing,0.04774741193226234,railway crossing,0.038936488219325764,steep descent,0.033545894981843745,2
school_zone_12.png,school zone,slippery road,0.32668373847584287,steep descent,0.2989289528200115,steep ascent,0.270982165424533,animal crossing,0.025099322142862927,railway crossing,0.01069552572346805,-1
school_zone_13.png,school zone,school zone,0.9566394853471476,bumpy road,0.017113501726229913,steep ascent,0.008600757769322622,slippery road,0.004316032039833386,railway crossing,0.003953528343163176,1
school_zone_2.png,school zone,slippery road,0.2922353676772734,steep ascent,0.26910636563095564,steep descent,0.16681826133049696,cycle crossing,0.04732373932381936,bumpy road,0.04013249846974127,-1
school_zone_3.png,school zone,slippery road,0.34380659360867505,steep descent,0.21287306166136657,steep ascent,0.1754340188658807,school zone,0.05562630227308032,pedestrian crossing,0.04631021775597214,4
school_zone_4.png,school zone,school zone,0.8974499035992626,slippery road,0.03048002293091792,bumpy road,0.024437990423205214,steep ascent,0.010115763580905057,pedestrian crossing,0.009220341476099982,1
school_zone_5.png,school zone,school zone,0.9297340897217073,pedestrian crossing,0.014961656014097841,steep ascent,0.013015310542338848,no pedestrians,0.01252471207004727,road work ahead,0.009307875389894664,1
school_zone_6.png,school zone,school zone,0.7440795311892198,railway crossing,0.10552570374224537,slippery road,0.035590760621456406,steep ascent,0.02644222767551098,cycle crossing,0.016377387616684395,1
school_zone_7.png,school zone,railway crossing,0.1757249523339418,pedestrian crossing,0.1601466773191151,school zone,0.13377196254257306,no u turn,0.12535079180124425,no pedestrians,0.0736900475157596,3
school_zone_8.png,school zone,school zone,0.40501682591420973,steep descent,0.1509570205775303,slippery road,0.10325642739927883,steep ascent,0.10125754646975116,railway crossing,0.04612472342793486,1
school_zone_9.png,school zone,school zone,0.961590162403154,steep ascent,0.012494607432134232,road work ahead,0.007866391932684711,steep descent,0.006637293465558702,railway crossing,0.003398704241395345,1
slippery_road_0.png,slippery road,slippery road,0.38273860693820694,steep ascent,0.24733502963267315,steep descent,0.24168877660959512,animal crossing,0.03190554285362364,bumpy road,0.027130975431723832,1
slippery_road_1.png,slippery road,bumpy road,0.43086747004004605,steep ascent,0.20800098227685737,slippery road,0.1879243248017333,steep descent,0.14811285000389957,railway crossing,0.008442408314945382,3
slippery_road_10.png,slippery road,steep ascent,0.48925402441007765,steep descent,0.17908206770170376,slippery road,0.17271974677917964,bumpy road,0.07826836235412128,height limit,0.0338524776478671,3
slippery_road_11.png,slippery road,steep ascent,0.5521963747468593,steep descent,0.1826457786062793,slippery road,0.14661208052139066,bumpy road,0.06387545755492853,road work ahead,0.01712392249222589,3
slippery_road_12.png,slippery road,steep ascent,0.3808307103053562,slippery road,0.3104001907261537,steep descent,0.14032144124710905,bumpy road,0.10719051783763325,height limit,0.01793443899237685,2
slippery_road_13.png,slippery road,steep ascent,0.5207981232091279,steep descent,0.18852864473962364,bumpy road,0.13338535027020432,slippery road,0.11501925546319156,height limit,0.010667098679615683,4
slippery_road_14.png,slippery road,steep ascent,0.6537633450870449,steep descent,0.2257324185086606,slippery road,0.08357940433575646,bumpy road,0.026334368130670305,height limit,0.006354512492753263,3
slippery_road_15.png,slippery road,steep ascent,0.41485457376856066,slippery road,0.3101572779886549,steep descent,0.1330227779688904,bumpy road,0.07860690238207023,height limit,0.026317121302085484,2
slippery_road_16.png,slippery road,steep ascent,0.766450401249567,steep descent,0.0930572226273665,slippery road,0.05869158430260128,bumpy road,0.04474470608107133,height limit,0.013749584499352154,3
slippery_road_2.png,slippery road,steep descent,0.38602410709702234,steep ascent,0.28875722365421835,slippery road,0.19251970185907885,height limit,0.07203133479400724,bumpy road,0.019576616793681986,3
slippery_road_3.png,slippery road,slippery road,0.5163539226755572,steep descent,0.27815172631176854,steep ascent,0.1034696575258061,bumpy road,0.06188596029227899,animal crossing,0.010276179693481787,1
slippery_road_4.png,slippery road,steep descent,0.3543847734005438,steep ascent,0.23260275635311523,slippery road,0.20909156237457904,height limit,0.13609149165738918,railway crossing,0.0205602730823293,3
slippery_road_5.png,slippery road,school zone,0.5216239161731595,slippery road,0.2541780587151225,road work ahead,0.07106010713152994,bumpy road,0.06289140372021194,steep descent,0.032612006521441375,2
slippery_road_6.png,slippery road,bumpy road,0.7755547346843654,slippery road,0.12352661850035804,steep ascent,0.03790470736939857,steep descent,0.03352827923686373,school zone,0.009542015435417769,2
slippery_road_7.png,slippery road,bumpy road,0.6056698134412587,slippery road,0.28964763106568203,steep ascent,0.037019576708305704,steep descent,0.02813998932490588,school zone,0.024955754645170334,2
slippery_road_8.png,slippery road,bumpy road,0.6056698134412587,slippery road,0.28964763106568203,steep ascent,0.037019576708305704,steep descent,0.02813998932490588,school zone,0.024955754645170334,2
slippery_road_9.png,slippery road,steep ascent,0.5479689108863394,steep descent,0.14181001706884042,slippery road,0.13735062774537457,bumpy road,0.08547198476817337,height limit,0.041488248571697445,3
speed_limit_0.png,speed limit,height limit,0.4611862718626176,speed limit,0.3756484049277127,weight limit,0.11664827232889514,steep ascent,0.01758652906280157,no u turn,0.008283425234975956,2
speed_limit_1.png,speed limit,height limit,0.6700313240539921,speed limit,0.22659286260704709,weight limit,0.04535234770496296,no entry for vehicles,0.02827037257147715,steep ascent,0.01321047791321769,2
speed_limit_10.png,speed limit,speed limit,0.4484076471829516,weight limit,0.3249206283157662,height limit,0.194628878025026,no u turn,0.013784460560035376,bumpy road,0.004153467283430939,1
speed_limit_11.png,speed limit,height limit,0.46611808282356737,speed limit,0.30277866403093423,weight limit,0.21503407393093407,no u turn,0.0042175676148359775,stop,0.002292332380661111,2
speed_limit_12.png,speed limit,speed limit,0.5558298191006438,weight limit,0.19185201110163835,height limit,0.18627718066360943,bumpy road,0.041181245081252385,stop,0.004289861483985294,1
speed_limit_13.png,speed limit,speed limit,0.737285580965881,height limit,0.11289743446535158,steep ascent,0.06754994674668889,no u turn,0.02872377766050809,weight limit,0.021429253362998543,1
speed_limit_2.png,speed limit,height limit,0.6213755640039049,weight limit,0.21837875886804733,speed limit,0.14050059833786438,bumpy road,0.004122445653831549,steep ascent,0.003379624791891382,3
speed_limit_3.png,speed limit,height limit,0.577687507567238,weight limit,0.2592476809589701,speed limit,0.15724367664416794,no u turn,0.0009646171106339928,no stopping,0.0007862713365447429,3
speed_limit_4.png,speed limit,weight limit,0.42704515420715655,speed limit,0.40808203114383157,height limit,0.06541851932063075,slippery road,0.025373342995499645,no u turn,0.016522484618120493,2
speed_limit_5.png,speed limit,speed limit,0.4008898728001397,height limit,0.36377848894213494,weight limit,0.19104021947536778,steep ascent,0.00705912339808253,bumpy road,0.006366321176600621,1
speed_limit_6.png,speed limit,speed limit,0.635675833005214,weight limit,0.2048417181755853,height limit,0.1331606142568885,no u turn,0.006149164779605454,slippery road,0.005014980580598021,1
speed_limit_7.png,speed limit,speed limit,0.5454372307373,height limit,0.22405285332149907,weight limit,0.19440253676737623,no u turn,0.0074488503995332215,bumpy road,0.004512007123188613,1
speed_limit_8.png,speed limit,speed limit,0.5176305339152019,height limit,0.3311240978128359,weight limit,0.10955223706736443,steep ascent,0.007839569902456833,steep descent,0.005473954345428315,1
speed_limit_9.png,speed limit,speed limit,0.5788118240799539,height limit,0.19864143448871416,weight limit,0.17452098363747562,no u turn,0.019092172181572522,bumpy road,0.006833625512890854,1
steep_ascent_0.png,steep ascent,steep ascent,0.3012940693723415,bumpy road,0.258011655110646,steep descent,0.2497464743022162,slippery road,0.1683762008919234,give way,0.007661201623649592,1
steep_ascent_1.png,steep ascent,slippery road,0.37385528145352115,bumpy road,0.3586850873815903,steep ascent,0.11848050760454287,steep descent,0.11678287723526515,height limit,0.007046381542137843,3
steep_ascent_2.png,steep ascent,steep ascent,0.4927694058093739,slippery road,0.2762421992795981,steep descent,0.14122119995114035,bumpy road,0.04435396889536789,height limit,0.027332825786833943,1
steep_ascent_3.png,steep ascent,steep ascent,0.32212262369690287,steep descent,0.2846403109668801,slippery road,0.20808541137282852,bumpy road,0.1699488274741348,railway crossing,0.003964104945880471,1
steep_ascent_4.png,steep ascent,steep ascent,0.54586374353022,steep descent,0.29454223784969313,slippery road,0.07703098310259121,bumpy road,0.049352652340106405,road work ahead,0.007808505982072532,1
steep_ascent_5.png,steep ascent,steep ascent,0.4642478003152008,steep descent,0.28046568478862627,slippery road,0.1631822715731597,bumpy road,0.06932797446679873,road work ahead,0.005382028769494321,1
steep_ascent_6.png,steep ascent,steep ascent,0.6042007743914017,steep descent,0.35780650911440465,slippery road,0.023328347121759064,bumpy road,0.0073390306256733906,height limit,0.0031910280591084944,1
steep_ascent_7.png,steep ascent,steep ascent,0.598535322787514,steep descent,0.3183294602977541,slippery road,0.046157204786915325,bumpy road,0.025701889171419755,height limit,0.0032720545013843988,1
steep_ascent_8.png,steep ascent,steep ascent,0.5491792020476263,steep descent,0.3748598225052296,slippery road,0.047262113883105285,bumpy road,0.020619276282013526,height limit,0.002990525755231227,1
steep_ascent_9.png,steep ascent,steep ascent,0.4951578898270543,steep descent,0.33340159071686754,slippery road,0.1134955337210317,bumpy road,0.024782436220222925,height limit,0.009449831445183432,1
steep_descent_0.png,steep descent,bumpy road,0.4476799340400539,slippery road,0.22071837497520036,steep descent,0.17096302994875054,steep ascent,0.14790806118407,animal crossing,0.003317093391885706,3
steep_descent_1.png,steep descent,slippery road,0.33878688317269584,steep ascent,0.2998407611281505,steep descent,0.17400983341724716,bumpy road,0.17381630519619665,give way,0.005042116695230342,3
steep_descent_2.png,steep descent,steep ascent,0.3486300956988798,slippery road,0.2556101543880292,steep descent,0.23969831349925091,bumpy road,0.14871973443096098,railway crossing,0.002328044543769533,3
steep_descent_3.png,steep descent,steep ascent,0.5229680050746656,steep descent,0.29570479624459145,slippery road,0.07725622826236953,bumpy road,0.04143776480902061,road work ahead,0.020783341610088595,2
steep_descent_4.png,steep descent,steep ascent,0.6487094116705934,steep descent,0.2506029748169881,bumpy road,0.05822718949446213,slippery road,0.031679914204585234,height limit,0.0027808790996061246,2
steep_descent_5.png,steep descent,slippery road,0.5409026102403758,steep ascent,0.24323411214236104,bumpy road,0.11368852158606453,steep descent,0.08139767352023658,road work ahead,0.006131300923851919,4
steep_descent_6.png,steep descent,steep ascent,0.5777758936929308,steep descent,0.24296968163343458,slippery road,0.13530466998617863,bumpy road,0.03836859361590731,height limit,0.0024003729489706395,2
steep_descent_7.png,steep descent,steep ascent,0.635880703329716,steep descent,0.29449667087484865,slippery road,0.030925948816993478,bumpy road,0.018724411311138535,road work ahead,0.004597089190158007,2
steep_descent_8.png,steep descent,steep ascent,0.6015189459442346,steep descent,0.23693917485301286,slippery road,0.05843082203121542,bumpy road,0.044569709340247475,road work ahead,0.01761928071122985,2
steep_descent_9.png,steep descent,slippery road,0.4438032685408354,steep ascent,0.26787776814502734,steep descent,0.12502080467978155,bumpy road,0.09646943589884571,road work ahead,0.03107822758362707,3
stop_0.png,stop,stop,0.9274109115465436,bumpy road,0.014184096217626002,no stopping,0.013481304754157281,give way,0.008850647166821511,no u turn,0.005992731424930218,1
stop_1.png,stop,stop,0.9593375445306715,give way,0.010146331822183743,no stopping,0.009941071625046082,slippery road,0.0037406203585006377,bumpy road,0.0033208046157346834,1
stop_10.png,stop,stop,0.814273406787936,no stopping,0.051450836163030006,give way,0.046490605763587795,bumpy road,0.012139629769148902,slippery road,0.010252565585616316,1
stop_11.png,stop,stop,0.8980145968491333,no u turn,0.014380935638293482,slippery road,0.013288011276724828,give way,0.012679393271371216,bumpy road,0.01230764988377986,1
stop_12.png,stop,stop,0.6376899991811951,no stopping,0.140335794227811,bumpy road,0.11739451377094712,give way,0.022778624256922907,round about,0.022062477293086316,1
stop_2.png,stop,stop,0.92681727232462,no stopping,0.025093440884906164,give way,0.008191980132873191,slippery road,0.006463540332324681,steep descent,0.0052914623773892755,1
stop_3.png,stop,stop,0.9262329961332012,give way,0.017269331108743253,no stopping,0.013985711970831817,bumpy road,0.011151984986328923,steep ascent,0.006046320189639619,1
stop_4.png,stop,stop,0.8938341292868821,no stopping,0.021373795845736256,give way,0.01906081334012483,bumpy road,0.014228649315268415,steep ascent,0.007884718813652181,1
stop_5.png,stop,stop,0.9580025598145359,give way,0.007951832405951735,no stopping,0.005938170625240599,slippery road,0.004904282369195936,bumpy road,0.004875382105294672,1
stop_6.png,stop,stop,0.9286690634228205,give way,0.015983359751221688,no stopping,0.012824009006770215,bumpy road,0.01059626891414797,slippery road,0.005718538199358955,1
stop_7.png,stop,stop,0.9337277800319825,no stopping,0.014635022970234942,give way,0.011127424832999284,no u turn,0.010815080102918472,weight limit,0.005337739929580691,1
stop_8.png,stop,stop,0.9400698073761181,give way,0.009474740238084419,no stopping,0.00772827759805619,slippery road,0.00728687506957116,cross road,0.007258881235145534,1
stop_9.png,stop,stop,0.9630739973752727,bumpy road,0.015903368521186168,no stopping,0.006874597571226429,give way,0.0031663152418291035,no pedestrians,0.0020600505257032907,1
weight_limit_0.png,weight limit,weight limit,0.8239704401473973,speed limit,0.10428789457360434,height limit,0.06389749788568405,no u turn,0.0027618914723894668,steep descent,0.001855698818840934,1
weight_limit_1.png,weight limit,weight limit,0.7034413462826921,height limit,0.16517555511416163,speed limit,0.08060552362753826,bumpy road,0.0210014450466399,give way,0.009054457959647731,1
weight_limit_10.png,weight limit,height limit,0.39635886256822994,speed limit,0.37667709412774236,weight limit,0.15537083580221378,no u turn,0.03476748132531126,no entry for vehicles,0.005404995391227709,3
weight_limit_2.png,weight limit,height limit,0.5171111661893872,speed limit,0.17437376117264386,weight limit,0.09134295439402006,steep ascent,0.07813030325943697,no u turn,0.04655497416422876,3
weight_limit_3.png,weight limit,height limit,0.7538643561109234,weight limit,0.15678494363007917,speed limit,0.04978895001374357,no u turn,0.014705515176612678,steep ascent,0.00661509481527883,2
weight_limit_4.png,weight limit,height limit,0.5967116057452463,weight limit,0.15430857713796442,speed limit,0.11440466272045692,steep ascent,0.0376398031838338,slippery road,0.036011002236645405,2
weight_limit_5.png,weight limit,height limit,0.44784013482750085,weight limit,0.251709316521957,speed limit,0.11975367380665647,steep ascent,0.06038278202882617,no u turn,0.030501835403089154,2
weight_limit_6.png,weight limit,speed limit,0.4628947288317447,height limit,0.3271300473584553,weight limit,0.12448583467085016,no entry for vehicles,0.03485493968784022,no u turn,0.022123828736782564,3
weight_limit_7.png,weight limit,height limit,0.49739532296875133,speed limit,0.3199552126117701,weight limit,0.13641405573986623,no u turn,0.017066006631478257,stop,0.004713846939326324,3
weight_limit_8.png,weight limit,height limit,0.5364430622843024,speed limit,0.31656308376614684,weight limit,0.11185579625720435,no u turn,0.014813377023492452,no entry for vehicles,0.003910105519536287,3
weight_limit_9.png,weight limit,weight limit,0.45196364481539303,height limit,0.33603882705216553,no u turn,0.06064488448871364,speed limit,0.05475379537717952,give way,0.022381716082483964,1
